[
  {
    "Name": "Amands's Controller",
    "Author": "Amands2Mello",
    "SupportedVersion": "1.9.8767.26420",
    "ModVersion": "0.2.9",
    "PortVersion": "1.2.0",
    "Description": "Controller support for Tarkov.",
    "ModUrl": "https://hub.sp-tarkov.com/files/file/1550-amands-controller/",
    "RequiresFiles": true,
    "PluginFiles": [
        "AmandsController.dll"
    ],
    "ConfigFiles": []
  },
  {
    "Name": "Amands's Graphics",
    "Author": "Amands2Mello",
    "SupportedVersion": "1.10.8854.18454",
    "ModVersion": "1.5.3",
    "PortVersion": "1.2.0",
    "Description": "Lighting and postprocessing overhaul",
    "ModUrl": "https://hub.sp-tarkov.com/files/file/813-amands-s-graphics/",
    "RequiresFiles": false,
    "PluginFiles": [
        "AmandsGraphics.dll"
    ],
    "ConfigFiles": []
  },
  {
    "Name": "Amands's Hitmarker",
    "Author": "Amands2Mello",
    "SupportedVersion": "1.9.8767.26420",
    "ModVersion": "2.5.4",
    "PortVersion": "1.1.0",
    "Description": "Hitmarkers with different Shapes, Colors and Sounds",
    "ModUrl": "https://hub.sp-tarkov.com/files/file/798-amands-s-hitmarker/",
    "RequiresFiles": true,
    "PluginFiles": [
        "AmandsHitmarker.dll"
    ],
    "ConfigFiles": []
  },
  {
    "Name": "Amands's Sense",
    "Author": "Amands2Mello",
    "SupportedVersion": "1.10.8854.18454",
    "ModVersion": "1.1.0",
    "PortVersion": "1.2.0",
    "Description": "",
    "ModUrl": "https://github.com/Amands2Mello/AmandsSense",
    "RequiresFiles": true,
    "PluginFiles": [
        "AmandsSense.dll"
    ],
    "ConfigFiles": []
  },
  {
    "Name": "FU Inertia",
    "Author": "Props",
    "SupportedVersion": "1.9.8767.26420",
    "ModVersion": "2.2.1",
    "PortVersion": "1.2.0",
    "Description": "Do you hate inertia? So do I. Here's a Bepinex mod to handle that. Laugh while all the online tarkov players are miserable.",
    "ModUrl": "https://hub.sp-tarkov.com/files/file/843-fu-inertia/",
    "RequiresFiles": false,
    "PluginFiles": [
        "dvize.FUInertia.dll"
    ],
    "ConfigFiles": []
  },
  {
    "Name": "MoreCheckmarks",
    "Author": "VIPkiller17",
    "SupportedVersion": "1.10.8854.18454",
    "ModVersion": "1.5.9",
    "PortVersion": "1.3.0",
    "Description": "A mod that adds checkmarks and more detailed tooltips to items to indicate if it is needed for hideout upgrades, quests, or if it is on your wishlist",
    "ModUrl": "https://hub.sp-tarkov.com/files/file/1159-morecheckmarks/",
    "RequiresFiles": true,
    "PluginFiles": [
        "MoreCheckmarks.dll"
    ],
    "ConfigFiles": []
  },
  {
    "Name": "SAIN",
    "Author": "Solarint & DrakiaXYZ",
    "SupportedVersion": "1.10.8854.18454",
    "ModVersion": "2.1.9",
    "PortVersion": "1.3.0",
    "Description": "Bots that don't suck. FULL AI COMBAT SYSTEM REPLACEMENT",
    "ModUrl": "https://hub.sp-tarkov.com/files/file/1062-sain-2-0-solarint-s-ai-modifications-full-ai-combat-system-replacement/",
    "RequiresFiles": true,
    "PluginFiles": [
      "SAIN.dll"
    ],
    "ConfigFiles": []
  },
  {
    "Name": "BigBrain",
    "Author": "DrakiaXYZ",
    "SupportedVersion": "1.10.8854.18454",
    "ModVersion": "0.3.2",
    "PortVersion": "1.3.0",
    "Description": "Required for SAIN and most other AI mods",
    "ModUrl": "https://hub.sp-tarkov.com/files/file/1219-bigbrain/",
    "RequiresFiles": false,
    "PluginFiles": [
      "DrakiaXYZ-BigBrain.dll"
    ],
    "ConfigFiles": []
  },
  {
    "Name": "Waypoints",
    "Author": "DrakiaXYZ",
    "SupportedVersion": "1.10.8854.18454",
    "ModVersion": "1.3.0",
    "PortVersion": "1.3.0",
    "Description": "Required for SAIN and most other AI mods",
    "ModUrl": "https://hub.sp-tarkov.com/files/file/1119-waypoints-expanded-bot-patrols-and-navmesh/",
    "RequiresFiles": true,
    "PluginFiles": [
      "DrakiaXYZ-Waypoints.dll"
    ],
    "ConfigFiles": []
  },
  {
    "Name": "Recoil Overhaul",
    "Author": "Fontaine",
    "SupportedVersion": "1.9.8767.26420",
    "ModVersion": "2.2.0",
    "PortVersion": "1.3.0",
    "Description": "This is a substantial overhaul of how EFT's recoil system works. This recoil system works very similarly to Realism Mods. If you already use that mod then you're not missing out on anything, don't install both.",
    "ModUrl": "https://hub.sp-tarkov.com/files/file/953-fontaine-s-recoil-overhaul/",
    "RequiresFiles": false,
    "PluginFiles": [
      "RecoilStandalone.dll"
    ],
    "ConfigFiles": []
  },
  {
    "Name": "ConfigurationManager",
    "Author": "BepInEx",
    "SupportedVersion": "1.10.8854.18454",
    "ModVersion": "18.0.1",
    "PortVersion": "1.1.0",
    "Description": "An easy way to let user configure how a plugin behaves without the need to make your own GUI. The user can change any of the settings you expose, even keyboard shortcuts.\n\nThe configuration manager can be accessed in-game by pressing the hotkey (by default F1). Hover over the setting names to see their descriptions, if any.",
    "ModUrl": "https://github.com/BepInEx/BepInEx.ConfigurationManager",
    "RequiresFiles": false,
    "PluginFiles": [
      "ConfigurationManager.dll"
    ],
    "ConfigFiles": [
        "com.bepis.bepinex.configurationmanager.cfg"
    ]
  },
  {
    "Name": "No Bush ESP",
    "Author": "Props",
    "SupportedVersion": "1.9.8767.26420",
    "ModVersion": "1.7.1",
    "PortVersion": "1.1.0",
    "Description": "Tired of AI Looking at your bush and destroying you through it? Now they no longer can.\n\nThis mod checks to see if there is any foilage in the way when a bot looks at the player. If there is, it will make it so that the bot cannot see the player anymore. Its only called filbert, pine, tree.\n\nDo not use this mod with SAIN as it has its own version of no bush within it.",
    "ModUrl": "https://hub.sp-tarkov.com/files/file/903-no-bush-esp/",
    "RequiresFiles": false,
    "PluginFiles": [
      "dvize.BushNoESP.dll"
    ],
    "ConfigFiles": []
  },
  {
    "Name": "FovFix",
    "Author": "Fontaine",
    "SupportedVersion": "1.9.8767.26420",
    "ModVersion": "1.9.0",
    "PortVersion": "1.2.0",
    "Description": "Makes it so FOV does not change when ADSing by default, and allows you to instead set the FOV change yourself.\nIncludes Variable Zoom optics and toggleable zoom (like ARMA).",
    "ModUrl": "https://hub.sp-tarkov.com/files/file/942-fontaine-s-fov-fix-variable-optics/",
    "RequiresFiles": true,
    "PluginFiles": [
      "FOVFix.dll"
    ],
    "ConfigFiles": []
  },
  {
    "Name": "Deadzone Updated",
    "Author": "DJLang & lualeet",
    "SupportedVersion": "1.9.8767.26420",
    "ModVersion": "1.0.0",
    "PortVersion": "1.1.0",
    "Description": "An updated version of lualeets Deadzone mod for 3.7.1.\nAdds insurgency style deadzone/free aim, allowing your weapon to drift from the center of the screen.",
    "ModUrl": "https://hub.sp-tarkov.com/files/file/1568-deadzone-updated/",
    "RequiresFiles": true,
    "PluginFiles": [
      "DeadzoneMod.dll"
    ],
    "ConfigFiles": []
  },
  {
    "Name": "Looting Bots",
    "Author": "Skwizzy",
    "SupportedVersion": "1.10.8854.18454",
    "ModVersion": "1.2.1",
    "PortVersion": "1.4.0",
    "Description": "This mod aims to add more life to the bots by enhancing some EFT looting behaviors letting bots loot items, containers, and corpses during patrols. More features to come!",
    "ModUrl": "https://hub.sp-tarkov.com/files/file/1096-looting-bots/",
    "RequiresFiles": true,
    "PluginFiles": [
      "skwizzy.LootingBots.dll"
    ],
    "ConfigFiles": []
  },
  {
    "Name": "Questing Bots",
    "Author": "DanW",
    "SupportedVersion": "1.10.8854.18454",
    "ModVersion": "0.4.2",
    "PortVersion": "1.4.0",
    "Description": "This mod aims to add more life to the bots by enhancing some EFT looting behaviors letting bots loot items, containers, and corpses during patrols. More features to come!",
    "ModUrl": "https://hub.sp-tarkov.com/files/file/1534-questing-bots/",
    "RequiresFiles": true,
    "PluginFiles": [
      "SPTQuestingBots.dll"
    ],
    "ConfigFiles": []
  },
  {
    "Name": "TechHappy's Web MiniMap",
    "Author": "TechHappy",
    "SupportedVersion": "1.9.8767.26420",
    "ModVersion": "1.0.6",
    "PortVersion": "1.2.0",
    "Description": "A browser-based map that shows your real-time position. Able to be used on a mobile device or second monitor.",
    "ModUrl": "https://hub.sp-tarkov.com/files/file/1421-techhappy-s-web-minimap/",
    "RequiresFiles": true,
    "PluginFiles": [
      "TechHappy.MinimapSender.dll"
    ],
    "ConfigFiles": []
  },
  {
    "Name": "SamSwat's INCREASED FOV",
    "Author": "SamSWAT",
    "SupportedVersion": "1.9.8767.26420",
    "ModVersion": "1.0.1",
    "PortVersion": "1.1.0",
    "Description": "A plugin that increases the range of FOV selection in the settings menu and allows you to move the FP camera relative to your body.",
    "ModUrl": "https://hub.sp-tarkov.com/files/file/1474-samswat-s-increased-fov-reupload/?highlight=fov",
    "RequiresFiles": false,
    "PluginFiles": [
      "SamSWAT.FOV.dll"
    ],
    "ConfigFiles": []
  },
  {
    "Name": "Dynamic External Resolution Patch",
    "Author": "FlashMode",
    "SupportedVersion": "1.9.8767.26420",
    "ModVersion": "1.3.0",
    "PortVersion": "1.0.0",
    "Description": "Dynamically change the resolution of the external image rendering when we enter the optical sight, which gives us an increase in frame rate",
    "ModUrl": "https://hub.sp-tarkov.com/files/file/1259-dynamic-external-resolution-patch-derp/",
    "RequiresFiles": false,
    "PluginFiles": [
      "DynamicExternalResolution.dll"
    ],
    "ConfigFiles": []
  },  
  {
    "Name": "DrakiaXYZ-BotDebug",
    "Author": "DrakiaXYZ",
    "SupportedVersion": "1.10.8839.30073",
    "ModVersion": "1.2.2",
    "PortVersion": "1.1.0",
    "Description": "This is a development utility for working with bots, allowing you to see some internal state variables of the bot in real time while in game.",
    "ModUrl": "https://hub.sp-tarkov.com/files/file/1242-botdebug/",
    "RequiresFiles": false,
    "PluginFiles": [
      "DrakiaXYZ-BotDebug.dll"
    ],
    "ConfigFiles": []
  },  
  {
    "Name": "LootValue",
    "Author": "IhanaMies",
    "SupportedVersion": "1.10.8854.18454",
    "ModVersion": "1.2.2",
    "PortVersion": "1.4.0",
    "Description": "Adds selectable quick sell functionality, one button (left click) or two button (left and right click)",
    "ModUrl": "https://hub.sp-tarkov.com/files/file/1606-lootvalue/",
    "RequiresFiles": true,
    "PluginFiles": [
      "LootValue.dll"
    ],
    "ConfigFiles": []
  },
  {
    "Name": "Inventory Organizing Features",
    "Author": "Nightingale",
    "SupportedVersion": "1.9.8767.26420",
    "ModVersion": "1.1.0",
    "PortVersion": "1.1.0",
    "Description": "Adds several inventory organizing features which rely on item tags, such as sort locking, move locking and container organizing.",
    "ModUrl": "https://hub.sp-tarkov.com/files/file/1152-inventory-organizing-features/",
    "RequiresFiles": false,
    "PluginFiles": [
      "InventoryOrganizingFeatures.dll"
    ],
    "ConfigFiles": []
  },
  {
    "Name": "Container Quick Loot",
    "Author": "CactusPie",
    "SupportedVersion": "1.9.8767.26420",
    "ModVersion": "1.3.1",
    "PortVersion": "1.0.0",
    "Description": "Looting an item will now place it in a matching container with a @loot tag, such as a dogtag case or a document case",
    "ModUrl": "https://hub.sp-tarkov.com/files/file/1633-transfer-loot-into-a-container-automatically/",
    "RequiresFiles": false,
    "PluginFiles": [
      "CactusPie.ContainerQuickLoot.dll"
    ],
    "ConfigFiles": []
  },
  {
    "Name": "That's Lit",
    "Author": "No3371",
    "SupportedVersion": "1.10.8854.18454",
    "ModVersion": "1.373.5",
    "PortVersion": "1.0.0",
    "Description": "One step closer to fair gameplay, by giving AIs non-perfect vision and reactions. Because we too deserve grasses, bushes and nights.",
    "ModUrl": "https://hub.sp-tarkov.com/files/file/1453-that-s-lit/",
    "RequiresFiles": false,
    "PluginFiles": [
      "ThatsLit-Release.dll"
    ],
    "ConfigFiles": []
  }
]